{"cameraMode":{"drawMode":0,"name":"Shaded","section":"Shading Mode"},"sceneLighting":true,"audioPlay":false,"sceneViewState":{"showFog":true,"showMaterialUpdate":false,"showSkybox":true,"showFlares":true,"showImageEffects":true,"showParticleSystems":true},"in2DMode":false,"pivot":{"x":950.6181030273438,"y":5.069286823272705,"z":1243.313720703125},"rotation":{"x":0.031023932620882989,"y":0.6413794755935669,"z":0.026006415486335756,"w":-0.7662366032600403},"size":10.0,"orthographic":false}