{"cameraMode":{"drawMode":0,"name":"Shaded","section":"Shading Mode"},"sceneLighting":false,"audioPlay":false,"sceneViewState":{"showFog":true,"showMaterialUpdate":false,"showSkybox":false,"showFlares":true,"showImageEffects":true,"showParticleSystems":true},"in2DMode":false,"pivot":{"x":956.49951171875,"y":0.7395166158676148,"z":1234.5289306640625},"rotation":{"x":0.02597297541797161,"y":-0.9591276049613953,"z":0.2660714089870453,"w":0.09347053617238999},"size":10.0,"orthographic":false}